Sourcerecord ID,Source Title,Print-ISSN,E-ISSN,Titles discontinued by Scopus due to quality issues,Coverage,2017 CiteScore,"2017
SJR","2017
SNIP",2018 CiteScore,"2018
SJR","2018
SNIP",2019 CiteScore,"2019
SJR","2019
SNIP",All Science Journal Classification Codes (ASJC)
101076,2000 IEEE Wireless Communications and Networking Conference,,,,"2002, 2000",,,,,,,,,,2200; 
78851,4th International Conference COPPER 99-COBRE 99,,,,"2002, 1999",,,,,,,,,,2200; 
1000147108,8th Korea-Russia International Symposium on Science and Technology - Proceedings: KORUS 2004,,,,2004-2005,,,,,,,,,,2200; 
50013,AACE International Transactions,15287106,,,"2002-2013, 1996-1999, 1994, 1991-1992, 1989, 1987, 1977-1985",,,,,0.124,,,0.125,,2200; 
74842,"ACM International Conference on Computer Graphics, Virtual Reality and Visualisation in Africa",,,,"2006-2007, 2003-2004, 2001",,,,,,,,,,1704; 1709; 
11600154611,ACM International Conference Proceeding Series,,,,"1999-2020, 1996-1997",1.6,0.159,0.422,2.0,0.169,0.428,0.8,0.200,0.333,1705; 1707; 1709; 1712; 
80117,"ACM SIGDOC Annual International Conference on Computer Documentation, Proceedings",,,,"2001-2002, 1996-1997",,,,,,,,,,1700; 
55086,ACM SIGPLAN/SIGSOFT Workshop on Program Analysis for Software Tools and Engineering,,,,"2010-2011, 2007-2008, 2004-2005, 2001-2002, 1998",,,,,,,,,,1712; 
78421,"ACM Symposium on Virtual Reality Software and Technology, Proceedings, VRST",,,,"2001-2002, 1999, 1997",,,,,,,,,,1700; 
65737,ACM/SIGDA International Symposium on Field Programmable Gate Arrays - FPGA,,,,"2010-2014, 1995-2008",,0.273,1.739,,,,,,,1700; 
22678,"ACS Division of Environmental Chemistry, Preprints",00933066,,,"1996-2004, 1973-1980",,,,,,,,,,1500; 
60277,ACS National Meeting Book of Abstracts,00657727,,,"2004-2011, 1999-2001",,,,,,,,,,1500; 1600; 
23322,Advances in Air Pollution,13695886,,,2000-2003,,,,,,,,,,2200; 
14463,Advances in Earthquake Engineering,1361617X,,,"2005, 2003, 2001, 1997, 1995",,,,,,,,,,1909; 2205; 
12376,Advances in the Astronautical Sciences,10816003,,,"1996-2020, 1991-1994, 1987, 1978-1985, 1974-1975, 1971",0.6,0.187,0.314,0.5,0.185,0.486,0.6,0.240,0.307,1912; 2202; 
110368,AIAA/IEEE Digital Avionics Systems Conference - Proceedings,,,,"1995-2018, 1992",0.9,0.222,0.585,1.1,0.253,0.786,2.0,0.199,0.845,2208; 2202; 
93856,AIChE Ethylene Producers Conference Proceedings,,,,"2001-2015, 1999",,0.100,0.000,,0.100,0.000,,,,1500; 1600; 
110734,AIChE Symposium Series,00658812,,,"2002, 1972-1992",,,,,0.101,,,0.101,,1500; 1600; 
16328,"AIChE, Ammonia Plant Safty and Related Facilities v12 (CEP Tech Manual)",0099541X,,,"2004-2017, 1998-2002, 1996, 1987-1993, 1984, 1977-1981, 1970",0.0,0.100,0.095,0.0,0.100,0.068,,0.100,0.000,2209; 1506; 1508; 2213; 
26916,AIP Conference Proceedings,0094243X,15517616,,"2003-2020, 2000-2001, 1993, 1983-1984, 1974-1978",0.4,0.165,0.308,0.5,0.182,0.377,0.6,0.190,0.373,3100; 
145236,AISTech - Iron and Steel Technology Conference Proceedings,15516997,,,"2009-2019, 2004-2007",0.3,0.211,0.428,0.2,0.266,0.430,0.2,0.191,0.268,2209; 
12414,"American Astronautical Society, Scientific Technology Series",00657425,,,"2004-2006, 1996-2002, 1994, 1983-1984, 1981, 1971-1978, 1969",,,,,0.124,,,0.125,,2202; 
13108,"American Society of Mechanical Engineers, Aerospace Division (Publication) AD",07334230,,,"2003-2006, 1990-2001, 1981-1988",,,,,,,,,,1912; 2210; 
16289,"American Society of Mechanical Engineers, Fuels and Combustion Technologies Division (Publication) FACT",1066503X,,,"1998-2000, 1996, 1990-1994, 1987-1988",,,,,,,,,,2200; 
19900,"American Society of Mechanical Engineers, Heat Transfer Division, (Publication) HTD",02725673,,,1979-2006,,,,,0.124,,,0.125,,1507; 2210; 
19903,"American Society of Mechanical Engineers, Pressure Vessels and Piping Division (Publication) PVP",0277027X,,,"2010-2019, 2008, 1979-2006",0.6,0.230,0.577,0.6,0.220,0.527,0.6,0.232,0.443,2210; 
75666,"American Society of Mechanical Engineers, Textile Engineering Division (Publication) TED",,,,"2006, 2002-2004",,,,,,,,,,2200; 
94330,"Annual ACM Conference on Assistive Technologies, Proceedings",,,,"2002, 2000, 1998, 1996",,,,,,,,,,2200; 
80646,Annual ACM Symposium on Parallel Algorithms and Architectures,,,,1995-2004,,,,,,,,,,2213; 1712; 
60139,Annual Conference for Protective Relay Engineers,,,,"2004, 1981-1986",,,,,,,,,,2200; 
50064,Annual Conference of the North American Fuzzy Information Processing Society - NAFIPS,10987789,,,"2015, 1999-2011, 1997, 1995",,0.136,0.390,,0.139,0.423,,,,2600; 1700; 
4000148004,Annual Forum Proceedings - AHS International,15522938,,,2005-2018,1.3,0.283,0.767,1.4,0.288,0.710,1.8,0.146,0.394,2200; 
13105,Annual Forum Proceedings - American Helicopter Society,07334249,,,"2004, 1994-1999, 1990-1992, 1987, 1980-1985",,,,,0.105,,,0.105,,2202; 3313; 
86392,Annual Fuels and Lubes Asia Conference and Exhibition,,,,"2016, 2013, 2009-2011, 2002-2007",0.0,0.101,,,0.101,,,0.101,,2100; 
120079,Annual IEEE Semiconductor Thermal Measurement and Management Symposium,10652221,,,1995-2017,1.6,0.243,0.499,2.3,0.157,0.475,,0.186,0.586,2208; 3105; 
21660,Annual Meeting - Council of Logistics Management,08986614,,,"2002-2003, 2000, 1991",,,,,,,,,,1400; 
101491,"Annual Meeting - Technical Section, Canadian Pulp and Paper Association, Preprints",14947722,,,"2004-2007, 1980-2002",,,,,,,,,,2209; 2214; 
110391,"Annual North American Waste To Energy Conference, NAWTEC",,,,2002-2003,,,,,,,,,,2105; 
53842,"Annual Technical Conference - ANTEC, Conference Proceedings",,,,"2009-2019, 2003-2007, 1994-1998, 1991",0.2,0.110,0.120,0.1,0.105,0.182,0.1,0.131,0.173,2507; 1500; 
76356,Appita Annual Conference,14435454,,,2004-2013,,,,,,,,,,2214; 
74806,APPITA Annual General Conference,,,,1998-2003,,,,,,,,,,2200; 1500; 
18719,AP-S International Symposium (Digest) (IEEE Antennas and Propagation Society),15223965,,,"2011-2015, 2009, 1983-2007, 1978-1981, 1972-1973, 1963-1970",,0.192,0.391,,0.185,0.422,,0.108,,2208; 
110421,ASHRAE Transactions,00012505,,,"1989-2019, 1969-1987",1.6,0.512,0.488,2.0,0.389,0.397,1.6,0.288,0.520,2210; 2215; 
94338,ASM Conference Proceedings: Joining of Advanced and Specialty Materials,,,,"2004-2005, 2001, 1998",,,,,,,,,,2500; 
63823,ASM Proceedings of the International Conference: Trends in Welding Research,,,,"2013, 2009, 2005, 2002, 1998",,,,,,,,,,2210; 2500; 
14507,Asphalt Paving Technology: Association of Asphalt Paving Technologists-Proceedings of the Technical Sessions,02702932,,,"1999-2018, 1996, 1991-1992, 1977-1983",1.1,0.391,1.116,1.4,0.355,0.655,1.1,0.247,0.338,2205; 
15291,ASQ Annual Quality Congress Proceedings,10807764,,,2002-2003,,,,,,,,,,2213; 
93910,AUTOTESTCON (Proceedings),07347510,,,"2007-2015, 1995-2005, 1993, 1989-1991, 1980-1987",,0.106,0.156,,0.109,0.348,,0.125,,2208; 1706; 
27248,Biennial University/Government/Industry Microelectronics Symposium - Proceedings,07496877,,,"2012, 2010, 2008, 2003, 2001, 1999, 1997, 1995",,,,,,,,,,2208; 
59836,"Bioengineering, Proceedings of the Northeast Conference",1071121X,,,"2009, 1993-2007, 1987-1991, 1985, 1980-1982",,,,,0.112,,,0.113,,1502; 
26665,Canadian Conference on Electrical and Computer Engineering,08407789,,,"2013-2018, 1993-2011",0.9,0.150,0.329,1.1,0.168,0.338,1.7,0.182,0.484,2208; 1708; 
21034,Ceramic Engineering and Science Proceedings,01966219,,,"1993-2019, 1990, 1982-1988",0.4,0.152,0.229,0.4,0.154,0.221,0.5,0.146,0.149,2505; 2503; 
21100218356,CEUR Workshop Proceedings,16130073,,,"2000-2020, 1998, 1994-1995, 1989",0.6,0.167,0.346,0.6,0.166,0.313,0.6,0.177,0.293,1700; 
110466,"Collection of Technical Papers - AIAA/ASME/ASCE/AHS/ASC Structures, Structural Dynamics and Materials Conference",02734508,,,"1993-2013, 1990, 1984-1986, 1980-1982, 1978",,,,,,,,,,2210; 2211; 2202; 2500; 2216; 
28641,Computational Studies,14626063,,,"2004, 2002, 2000",,,,,,,,,,2200; 
89519,"Computer Animation, Conference Proceedings",,,,"2009, 2005, 2001-2002, 1999, 1997",,,,,,,,,,1704; 1712; 
23618,Computers in Cardiology,02766574,,,"1995-2009, 1991-1993, 1987-1989, 1983-1985, 1979-1981, 1977",,,,,,,,,,2705; 1706; 
21100236007,Computing in Cardiology,23258861,2325887X,,2010-2019,0.9,0.191,0.359,1.3,0.202,0.403,1.4,0.296,0.393,2705; 1700; 
29726,Conference Digest - IEEE International Semiconductor Laser Conference,08999406,,,"2018, 2016, 2014, 2012, 2010, 2008, 2006, 2004, 2002, 2000, 1998, 1996, 1994, 1992, 1990",0.5,0.131,0.214,0.2,0.146,0.170,0.6,0.190,0.219,2208; 3107; 
31473,Conference on Human Factors in Computing Systems - Proceedings,,,,"1988-2019, 1986, 1982-1983",7.9,0.255,1.531,,0.306,1.678,5.8,0.672,1.473,1704; 1709; 1712; 
80086,"Conference on Optical Fiber Communication, Technical Digest Series",,,,"2014-2015, 2009, 1997-2005, 1994",,0.222,0.327,,0.190,0.152,,,,2208; 2504; 
99344,Conference on Quantum Electronics and Laser Science (QELS) - Technical Digest Series,,,,"2007-2008, 2002-2003, 2000, 1996-1997",,,,,,,,,,3100; 
18018,Conference on Robotics and Remote Systems- Proceedings,00698644,,,"2004, 1996, 1990-1991, 1986-1987, 1979-1984, 1976-1977",,,,,,,,,,2208; 2200; 2104; 2207; 
64439,Conference on Software Maintenance,,,,"1993-2002, 1989-1990",,,,,,,,,,1712; 
73933,"Conference Proceedings - Annual International Symposium on Computer Architecture, ISCA",10636897,,,1994-2004,,,,,,,,,,1708; 
31003,Conference Proceedings - IEEE Applied Power Electronics Conference and Exposition - APEC,,,,1992-2019,3.0,0.468,0.673,3.1,0.462,0.650,3.3,0.674,0.656,2208; 
12138,Conference Proceedings - International Conference on Indium Phosphide and Related Materials,10928669,,,1994-2014,,0.153,0.291,,,,,,,2208; 2504; 
12114,Conference Proceedings - Lasers and Electro-Optics Society Annual Meeting-LEOS,10928081,,,"1992-2009, 1989-1990",,,,,,,,,,2208; 2504; 
80264,Conference Proceedings from the International Symposium for Testing and Failure Analysis,,,,"2005-2015, 1998-2002",,0.125,0.262,,0.106,0.424,,,,2208; 2213; 2207; 
20568,Conference Proceedings of the Annual ACM Symposium on Theory of Computing,07349025,,,"1996-2004, 1992-1994, 1987, 1985, 1983, 1980-1981",,,,,,,,,,1712; 
18655,Conference Proceedings of the EUROMICRO,10896503,,,"2009, 1999-2004, 1997, 1994",,,,,,,,,,1708; 2207; 
17898,Conference Record - IAS Annual Meeting (IEEE Industry Applications Society),01972618,,,"1992-2013, 1977-1990",,,,,0.112,,,0.113,,2208; 2209; 2207; 
16401,Conference Record - IEEE Cement Industry Technical Conference,07314906,,,"2008-2016, 2006, 1992-2004, 1985-1990, 1982, 1976-1980",0.2,0.101,0.344,,0.117,0.048,,0.104,0.000,2209; 2500; 2207; 
15045,Conference Record - IEEE Instrumentation and Measurement Technology Conference,10915281,,,"2019, 2013-2016, 2011, 1993-2008, 1991",1.8,0.198,0.552,,0.197,0.593,3.1,0.226,0.623,2208; 
33201,Conference Record - International Conference on Communications,05361486,,,"1989-2019, 1983-1987, 1979-1981, 1969",1.7,0.327,0.724,2.7,0.360,0.739,2.5,0.551,0.722,2208; 1705; 
78931,Conference Record of Industrial and Commercial Power Systems Technical Conference,,,,"1999-2004, 1995-1997",,,,,,,,,,2208; 
24886,Conference Record of the Annual ACM Symposium on Principles of Programming Languages,07308566,,,"1990-2017, 1975-1988, 1973",7.0,0.690,2.001,8.9,0.722,3.804,,1.085,3.988,1712; 
12222,"Conference Record of the Asilomar Conference on Signals, Systems and Computers",10586393,,,"2019, 1997-2017, 1992-1995, 1985",1.2,0.249,0.439,2.1,0.252,0.485,1.3,0.322,0.516,1705; 1711; 
17298,Conference Record of the IEEE Photovoltaic Specialists Conference,01608371,,,"2019, 2015-2016, 2008-2013, 2005, 2002, 2000, 1996-1997, 1992-1994, 1990, 1984-1988, 1980-1982, 1978",0.5,0.179,0.320,,0.241,0.343,1.2,0.241,0.365,2208; 2209; 2207; 
67387,"Congress on Computing in Civil Engineering, Proceedings",,,,"2017, 2015, 2011-2012, 2007, 2002, 1994-1998, 1989, 1986, 1984",0.6,0.307,0.201,1.3,0.223,0.374,,0.323,0.482,1706; 2205; 
86529,"Control Systems, Preprints, Conference",,,,"2004, 2000, 1996",,,,,,,,,,2200; 
52214,CPEM Digest (Conference on Precision Electromagnetic Measurements),05891485,,,"2014, 2012, 2010, 2008, 2004, 2002, 2000, 1998, 1996, 1994, 1990, 1988, 1984, 1980",,0.133,0.334,,,,,,,2208; 3105; 2504; 
15800,DGMK Tagungsbericht,14339013,,,"2001-2019, 1999",0.1,0.115,0.075,0.1,0.108,0.110,0.1,0.121,0.087,2102; 2103; 
29506,Diffusion and Defect Data Pt.B: Solid State Phenomena,10120394,,,1997-2000,,,,,,,,,,3101; 3104; 2500; 2504; 
25032,Digest of Papers - IEEE Symposium on Mass Storage Systems,10519173,,,"2003, 1999, 1992-1995, 1990, 1987-1988, 1984-1985, 1982",,,,,,,,,,1708; 
26010,Digest of Technical Papers - IEEE International Conference on Consumer Electronics,0747668X,,,"2011-2014, 2005-2009, 1993-2002, 1984",,0.143,0.362,,,,,,,2208; 2209; 
26020,Digest of Technical Papers - IEEE International Solid-State Circuits Conference,01936530,,,"2000-2019, 1992-1998, 1981-1990, 1975-1979, 1972-1973, 1966-1968, 1958-1964",10.1,2.213,2.961,9.7,2.371,2.690,11.1,3.595,2.824,2208; 2504; 
14937,Digest of Technical Papers - Symposium on VLSI Technology,07431562,,,"2003-2019, 1982-2000",4.6,0.757,1.435,5.2,1.065,1.636,5.3,1.315,1.590,2208; 
55739,Digest of Technical Papers-IEEE International Pulsed Power Conference,,,,"2015, 2013, 2011, 2007, 2005, 2003, 1999, 1997, 1995",,0.146,0.258,,0.149,0.307,,,,2208; 2102; 
99585,Digests of the Intermag Conference,00746843,,,"2002-2003, 1999-2000, 1984",,,,,,,,,,2208; 
21100795900,E3S Web of Conferences,,22671242,,2013-2020,0.2,0.127,0.266,0.3,0.174,0.587,0.4,0.166,0.469,1900; 2100; 2300; 
3400148107,ECS Transactions,19385862,19386737,,2005-2019,0.9,0.225,0.292,1.0,0.224,0.250,1.0,0.233,0.291,2200; 
96562,"Electrical Contacts, Proceedings of the Annual Holm Conference on Electrical Contacts",03614395,,,"2019, 2015-2017, 2005-2012, 1992-2003, 1988-1990, 1979-1983",1.0,0.222,0.506,1.4,0.142,0.502,0.9,0.294,0.709,2208; 2504; 
21100244944,"Electronic Proceedings in Theoretical Computer Science, EPTCS",20752180,,,2009-2020,1.2,0.231,0.540,1.2,0.305,0.628,1.2,0.327,0.571,1712; 
17700156736,Energy Procedia,18766102,,,2009-2019,1.7,0.495,0.823,2.1,0.468,0.599,2.7,0.545,0.782,2100; 
58092,Environment Canada Arctic and Marine Oil Spill Program Technical Seminar (AMOP) Proceedings,,,,1998-2008,,,,,,,,,,2212; 2300; 2102; 1500; 
21100227410,EPJ Web of Conferences,21016275,2100014X,Discontinued by Scopus,2009-2018,0.5,0.194,0.258,,0.182,0.259,0.9,0.184,0.296,3100; 
27179,"European Space Agency, (Special Publication) ESA SP",03796566,,,"2000-2016, 1996-1998, 1989-1990, 1979-1987",0.1,0.125,0.103,,0.127,0.126,,0.146,0.101,1912; 2202; 
88444,Festkoerperprobleme,04303393,,,"1984, 1980-1982, 1976-1978",,,,,,,,,,2200; 
53499,"Forensic Engineering, Proceedings of the Congress",,,,"2009-2010, 2007, 2003, 2000, 1997",,,,,,,,,,2200; 2734; 
100222,Gastech Conference Proceedings,,,,"2005-2006, 2002, 2000",,,,,,,,,,2100; 
27028,Geotechnical Special Publication,08950563,,,1987-2020,0.4,0.231,0.283,0.3,0.204,0.246,0.5,0.245,0.246,1909; 2215; 2216; 2205; 
14542,Hardware/Software Codesign - Proceedings of the International Workshop,10926100,,,"1996-2003, 1994",,,,,,,,,,1708; 
81640,Hart World Fuels Conference,,,,2002-2004,,,,,,,,,,2100; 
35976,IATUL Proceedings,00188476,,,"2002, 1982-1983, 1980, 1977",,,,,,,,,,3309; 
110547,"ICIASF Record, International Congress on Instrumentation in Aerospace Simulation Facilities",07302010,,,"2007, 2005, 2003, 2001, 1999, 1997, 1995, 1991, 1989, 1987, 1985, 1983",,,,,,,,,,3104; 2202; 3105; 
56670,IECON Proceedings (Industrial Electronics Conference),,,,"1993-2014, 1989-1991",,,0.170,,,,,,,2208; 2207; 
34914,IEE Conference Publication,05379989,,,"2004-2005, 1973-2002, 1970-1971, 1923-1923",,,,,0.101,,,0.101,,2208; 
75113,IEEE Aerospace Conference Proceedings,1095323X,,,"2000-2019, 1998",1.3,0.266,0.782,1.5,0.281,0.880,1.5,0.371,0.846,1912; 2202; 
88865,IEEE AFRICON Conference,21530025,21530033,,"2015, 2013, 2011, 2009, 2007, 2004, 2002, 1999, 1996, 1992",,0.134,0.496,,0.137,0.501,,,,2208; 1706; 
23381,"IEEE Annual International Carnahan Conference on Security Technology, Proceedings",,,,"1999-2003, 1994-1996",,,,,,,,,,2200; 
144855,"IEEE Asia-Pacific Conference on Circuits and Systems, Proceedings, APCCAS",,,,"2015, 2012, 2010, 2008, 2006, 2004, 2002",,0.131,0.294,,0.129,0.501,,,,2208; 
96648,IEEE Conference on Human Factors and Power Plants,,,,"2007, 2002, 1997, 1988",,,,,,,,,,2208; 
77635,"IEEE Conference on Intelligent Transportation Systems, Proceedings, ITSC",,,,"2015, 1999-2013, 1997",,0.298,0.754,,0.320,1.041,,,,1706; 2210; 2203; 
97855,IEEE Conference Record of Annual Pulp and Paper Industry Technical Conference,01902172,,,"1986-2018, 1977-1984",0.6,0.147,0.233,0.7,0.149,0.694,0.9,0.160,1.321,2208; 2209; 
26108,IEEE High-Performance Computer Architecture Symposium Proceedings,15300897,,,"2004, 1995-2001",,,,,,,,,,1708; 
70642,"IEEE Intelligent Vehicles Symposium, Proceedings",,,,"2003-2015, 2000, 1996",,0.349,1.527,,0.336,1.629,,,,1706; 2203; 2611; 
38572,"IEEE International Conference on Conduction and Breakdown in Dielectric Liquids, ICDL",,,,"2002, 1999, 1996",,,,,,,,,,2200; 2500; 
110565,IEEE International Conference on Fuzzy Systems,10987584,,,"2017-2019, 2011-2015, 1994-2009",1.4,0.270,0.563,1.2,0.228,0.545,1.2,0.271,0.511,2604; 1702; 1712; 2614; 
92868,IEEE International Conference on Image Processing,,,,1995-2003,,,,,,,,,,2208; 1707; 1708; 
66854,IEEE International Conference on Intelligent Robots and Systems,,,,"2011-2019, 2006-2007, 1995-2003, 1992-1993, 1988-1989",2.7,0.631,0.974,3.1,0.589,1.065,3.4,0.897,1.127,1706; 1707; 1712; 2207; 
79800,IEEE International Conference on Microelectronic Test Structures,,,,"1993-2019, 1988",1.3,0.189,0.364,1.2,0.222,0.422,1.1,0.226,0.465,2208; 
110573,IEEE International Conference on Neural Networks - Conference Proceedings,10987576,,,"2006-2007, 2004, 1993-1998",,,,,,,,,,1712; 
17262,IEEE International Conference on Plasma Science,07309244,,,"2009, 1998-2004, 1996, 1994",,,,,,,,,,2208; 3104; 3107; 
20300195002,IEEE International Conference on Rehabilitation Robotics,19457898,19457901,,"2019, 2017, 2015, 2013, 2011",1.1,0.320,0.566,2.5,0.286,0.746,2.0,0.375,0.812,2208; 2742; 2207; 
145233,"IEEE International Conference on Software Maintenance, ICSM",,,,"2003-2013, 2001",,,,,,,,,,1712; 
53838,IEEE International Engineering Management Conference,,,,"2000-2008, 1998, 1993-1996",,,,,,,,,,1803; 2200; 
13746,"IEEE International Performance, Computing and Communications Conference, Proceedings",10972641,,,"2000-2004, 1997-1998",,,,,,,,,,2214; 
110577,IEEE International Professional Communication Conference,,,,"2015-2019, 1999-2013, 1995-1997",0.4,0.181,0.293,0.5,0.185,0.206,0.5,0.227,0.434,2200; 3315; 
110579,IEEE International SOI Conference,1078621X,,,1992-2012,,,,,,,,,,2208; 2504; 
28024,IEEE International Symposium on Applications of Ferroelectrics,,,,"2005-2009, 2002, 2000, 1998, 1996, 1994",,,,,,,,,,2208; 2504; 
17274,IEEE International Symposium on Electromagnetic Compatibility,10774076,21581118,,"1993-2019, 1989-1991, 1985-1987, 1979-1983",1.1,0.281,0.450,1.1,0.283,0.676,1.2,0.158,0.241,2208; 3104; 
26021,IEEE International Symposium on Electronics and the Environment,,,,1993-2008,,,,,,,,,,2208; 2310; 2311; 2305; 
26129,"IEEE International Symposium on High Performance Distributed Computing, Proceedings",10828907,,,"2011, 2009, 1999-2006, 1995-1997, 1992-1993",,,,,,,,,,1705; 1712; 
110567,IEEE International Symposium on Information Theory - Proceedings,21578095,,,"1997-2019, 1994-1995, 1991, 1972",2.1,0.493,0.732,2.2,0.711,0.844,2.7,0.910,0.837,2604; 2611; 1710; 2614; 
110569,IEEE International Symposium on Intelligent Control - Proceedings,,,,"2015, 2013, 2010-2011, 2008, 2006, 1994-2004, 1992",,0.274,0.243,,0.208,0.418,,,,2208; 1706; 2611; 2207; 
19542,"IEEE International Symposium on Personal, Indoor and Mobile Radio Communications, PIMRC",,,,"2000-2015, 1995-1998",,0.267,0.677,,0.289,0.743,,,,2208; 
26165,IEEE International Symposium on Power Semiconductor Devices and ICs (ISPSD),,,,1994-2004,,,,,,,,,,2208; 
17315,"IEEE International Symposium on Semiconductor Manufacturing Conference, Proceedings",1523553X,10788743,,"2019, 2017, 1992-2014",0.8,0.140,0.313,0.2,0.101,0.009,0.1,0.123,0.007,2208; 2209; 2200; 2504; 
25589,IEEE International Test Conference (TC),10893539,,,"2019, 2015-2017, 1995-2013, 1992, 1989",1.2,0.195,0.540,1.3,0.138,0.623,1.5,0.355,1.368,2604; 2208; 
17280,IEEE MTT-S International Microwave Symposium Digest,0149645X,,,"2016-2019, 1987-2014, 1983-1985, 1980-1981, 1976",2.0,0.363,0.852,1.7,0.453,0.802,2.6,0.637,0.697,2208; 3104; 3108; 
110583,IEEE National Radar Conference - Proceedings,10975659,,,"2009-2015, 1995-2007",,0.223,1.044,,0.281,0.811,,,,2208; 
90890,IEEE Nuclear Science Symposium Conference Record,10957863,,,2000-2013,,,,,,,,,,2741; 3106; 3108; 
18209,"IEEE Pacific Rim Conference on Communications, Computers and Signal Processing Conference Proceedings",,,,"2015, 2013, 2011, 2009, 2007, 2005, 2003, 2001, 1999, 1997, 1995, 1993, 1991, 1987",,0.138,0.704,,0.131,0.307,,,,1705; 1711; 
65469,"IEEE Radio Frequency Integrated Circuits Symposium, RFIC, Digest of Technical Papers",10972633,,,1997-2019,2.9,0.808,0.933,3.1,1.030,0.951,4.0,1.731,1.080,2200; 
31517,"IEEE Region 10 Annual International Conference, Proceedings/TENCON",21593442,21593450,,"2015-2019, 2002-2013, 1999-2000, 1995-1997, 1991-1993",0.4,0.130,0.355,0.7,0.125,0.258,1.0,0.169,0.393,2208; 1706; 
60409,"IEEE Semiconducting and Semi-Insulating Materials Conference, SIMC",,,,"2005, 2002, 1999-2000, 1996",,,,,,,,,,2200; 
68673,"IEEE Symposium on VLSI Circuits, Digest of Technical Papers",,,,"2017-2019, 1994-2015",3.9,1.445,1.708,3.1,0.966,1.358,2.8,2.257,1.793,2208; 2504; 
96278,IEEE Symposium Record on Network Operations and Management Symposium,,,,"2006, 2004, 2002, 2000, 1998, 1996, 1994",,,,,,,,,,2208; 1708; 
23922,IEEE Vehicular Technology Conference,15502252,,,"1981-2019, 1975, 1970-1971, 1967-1968",1.6,0.226,0.458,1.6,0.209,0.554,1.9,0.341,0.452,2604; 2208; 1706; 
51882,"IEEE/ACM International Conference on Computer-Aided Design, Digest of Technical Papers",10923152,,,"2015-2019, 1995-2013",2.2,0.361,1.099,3.2,0.370,1.044,4.0,0.576,1.358,1704; 1706; 1712; 
73004,"IEEE/ASME International Conference on Advanced Intelligent Mechatronics, AIM",,,,"2014-2015, 2007-2012, 2005, 2003, 2001, 1999, 1997",,0.198,0.623,,0.213,0.737,,,,2208; 1706; 1712; 2207; 
85564,IFAC Proceedings Series,07411146,,,"1989-1990, 1984-1987, 1979",,,,,,,,,,2200; 
19400157277,IFMBE Proceedings,16800737,,,2006-2020,0.5,0.143,0.149,0.5,0.150,0.157,0.6,0.158,0.214,2204; 1502; 
20403,IMechE Event Publications,13561448,,,2003-2004,,,,,,,,,,2200; 
28059,Institute of Physics Conference Series,09513248,,,"2003-2005, 1990-1992, 1983-1986, 1978-1981",,,,,0.103,,,0.104,,3100; 
19534,"INTELEC, International Telecommunications Energy Conference (Proceedings)",02750473,,,"2016-2019, 1992-2014, 1981-1990, 1979",0.7,0.163,0.143,0.5,0.123,0.095,0.6,0.168,0.270,2208; 2102; 
12315,Intelligent Engineering Systems Through Artificial Neural Networks,,,,"2002-2003, 1995-1999, 1992-1993",,,,,,,,,,1712; 
21100248929,"International Archives of the Photogrammetry, Remote Sensing and Spatial Information Sciences - ISPRS Archives",16821750,,,"2002-2020, 2000",,0.318,0.559,,0.311,0.604,1.6,0.367,0.645,3305; 1710; 
57377,International Chemical Recovery Conference,,,,"2010, 2001, 1998",,,,,,,,,,2209; 2214; 1500; 1600; 
88709,"International Conference - Nuclear Energy for New Europe, Proceedings",,,,2002-2003,,,,,,,,,,2104; 
32211,"International Conference on Application-Specific Systems, Architectures and Processors, Proceedings",10636862,,,"2002-2019, 2000, 1993-1997",2.1,0.247,0.844,2.3,0.220,1.047,1.7,0.203,0.600,1705; 1708; 
100459,International Conference on Architectural Support for Programming Languages and Operating Systems - ASPLOS,,,,"2006-2020, 2002, 2000, 1998, 1994, 1991-1992, 1982, 1973",11.4,0.929,3.370,8.2,0.646,2.148,9.2,0.718,2.058,1708; 1710; 1712; 
62260,"International Conference on Communication Technology Proceedings, ICCT",,,,"2016, 2010-2013, 2008, 2006, 2003, 2000, 1998, 1996",0.4,0.109,0.204,,0.127,0.686,,0.142,0.474,2208; 1705; 
86580,International Conference on Computational Structures Technology - Proceedings,,,,"2001-2002, 1994",,,,,,,,,,1504; 2213; 2216; 
90097,International Conference on Database and Expert Systems Applications - DEXA,,,,"2004, 1997",,,,,,,,,,2200; 
67044,"International Conference on Debris-Flow Hazards Mitigation: Mechanics, Prediction, and Assessment, Proceedings",,,,"2015, 2011, 2007, 2003, 1997",,0.104,0.000,,0.109,0.000,,,,1904; 1909; 2312; 
56965,International Conference on Digital Printing Technologies,,,,1998-2018,0.3,0.169,0.139,0.3,0.108,0.230,0.2,0.103,0.060,1706; 2214; 
58593,"International Conference on Health, Safety and Environment in Oil and Gas Exploration and Production",,,,"2010-2012, 2008, 2006, 2004, 2002, 2000, 1996",,,,,,,,,,2300; 2102; 2213; 
21100226431,International Conference on ICT Convergence,21621233,21621241,,2012-2014,,0.138,0.359,,,,,,,1705; 1710; 
55826,"International Conference on Information and Knowledge Management, Proceedings",,,,1995-2015,,0.364,2.093,,0.519,3.607,,,,1400; 1800; 
59771,"International Conference on Intelligent User Interfaces, Proceedings IUI",,,,1997-2016,5.2,0.265,1.469,,0.298,2.268,,0.591,3.807,1709; 1712; 
70075,"International Conference on Nuclear Engineering, Proceedings, ICONE",,,,"2017, 2012-2015, 2008-2010, 2006, 2004, 2002, 1996-1997",0.5,0.195,0.185,0.5,0.155,0.119,,0.136,0.067,2104; 
120046,"International Conference on Signal Processing Proceedings, ICSP",,,,"2012, 2010, 2006-2008, 2004, 2002, 1998, 1996",,,,,,,,,,1706; 1711; 1712; 
21100216911,"International Conference Recent Advances in Natural Language Processing, RANLP",13138502,,,"2019, 2017, 2015, 2013, 2011, 2005-2009",,0.137,0.773,1.6,0.143,1.238,0.8,0.244,1.173,2208; 1702; 1706; 1712; 
92017,International Environmental Conference,,,,"2002, 1996",,,,,,,,,,2311; 1501; 2305; 
82000,International Geoscience and Remote Sensing Symposium (IGARSS),,,,"1985-2019, 1982-1983",0.8,0.266,0.325,0.8,0.271,0.365,0.9,0.279,0.337,1900; 1706; 
21100274701,"International Multidisciplinary Scientific GeoConference Surveying Geology and Mining Ecology Management, SGEM",13142704,,,"2013-2019, 2006",0.3,0.211,0.521,0.3,0.209,0.459,0.4,0.232,0.392,1907; 1909; 
81058,"International Paper and Coating Chemistry Symposium, Proceedings",,,,"2003, 1996",,,,,,,,,,1500; 
59231,"International Paper Physics Conference, Proceedings",,,,"2003, 1995",,,,,,,,,,2500; 
21120,International SAMPE Symposium and Exhibition,08910138,,,"1996-2010, 1991-1993, 1987-1989",,,,,,,,,,2210; 2211; 2500; 
31921,International SAMPE Technical Conference,,,,"2016-2019, 2004-2014, 1994-2001, 1991, 1988-1989",0.4,0.158,0.183,0.4,0.144,0.071,0.6,0.153,0.199,2210; 2211; 2500; 
56812,International Solar Energy Conference,15468402,,,"2001-2007, 1996-1998",,,,,,,,,,1912; 2105; 
63185,International Specialty Conference on Cold-Formed Steel Structures: Recent Research and Developments in Cold-Formed Steel Design and Construction,,,,"2002, 2000, 1998, 1996, 1994",,,,,,,,,,2200; 
37213,"International Symposium on Combustion, Abstracts of Accepted Papers",,,,"2004, 2002, 2000",,,,,,,,,,2200; 
34050,"International Symposium on Combustion, Abstracts of Works-in-Progress Posters",,,,"2004, 2002",,,,,,,,,,2200; 
17988,"International Symposium on Discharges and Electrical Insulation in Vacuum, ISDEIV",,,,"2002, 2000, 1998, 1996",,,,,,,,,,2200; 
90775,"International Symposium on Low Power Electronics and Design, Digest of Technical Papers",,,,1996-2002,,,,,,,,,,2200; 
78827,International Symposium on Technology and Society,,,,"2002, 1999-2000, 1996-1997",,,,,,,,,,2200; 
26007,"International Symposium on VLSI Technology, Systems, and Applications, Proceedings",1524766X,,,"2015, 2011-2012, 2006-2009, 2003, 2001, 1999, 1997, 1995, 1993, 1991",,0.145,0.176,,0.147,0.102,,,,2208; 3104; 2504; 
93668,"International Workshop on Advanced Motion Control, AMC",,,,"2014, 2012, 2010, 2008, 2006, 2004, 2002, 2000, 1998, 1996",,0.141,0.519,,,,,,,2208; 1706; 2611; 2207; 
70225,International Workshop on Principles of Software Evolution (IWPSE),,,,"2015, 2013, 2009, 2007, 2000-2005",,0.103,0.070,,0.141,1.926,,,,1703; 2611; 2614; 1712; 
120050,International Workshop on System-Level Interconnect Prediction (SLIP 2000),,,,"2002-2003, 2000",,,,,,,,,,1700; 
19900195068,IOP Conference Series: Earth and Environmental Science,17551307,17551315,,2010-2020,0.3,0.149,0.356,0.3,0.170,0.549,0.4,0.175,0.514,1900; 2300; 
19700200831,IOP Conference Series: Materials Science and Engineering,17578981,1757899X,,2009-2020,0.4,0.201,0.616,0.5,0.192,0.541,0.6,0.198,0.543,2200; 2500; 
55936,IS and T's International Conference on Digital Production Printing and Industrial Applications,,,,"2003, 2001",,,,,,,,,,2209; 2508; 1706; 
51218,ISA TECH/EXPO Technology Update Conference Proceedings,10540032,,,"2000-2002, 1995-1998, 1993",,,,,,,,,,3104; 3105; 
21100830113,"ISPRS Annals of the Photogrammetry, Remote Sensing and Spatial Information Sciences",21949042,21949050,,2012-2019,,,0.866,,,0.825,2.4,0.474,0.878,1901; 2301; 3105; 
17452,ITG-Fachbericht,09326022,,,"2001-2005, 1996-1998, 1988-1989",,,,,,,,,,1708; 1712; 
28129,Journal De Physique. IV : JP,11554339,17647177,,"1996-2006, 1993-1994",,,,,,,,,,3100; 
36634,Journal of Chromatography - Biomedical Applications,15726495,,,"1983-2000, 1980",,,,,,,,,,1600; 
50175,"Journal of Polymer Science, Polymer Symposia",03608905,,,"1983-1985, 1974-1977, 1969-1969",,,,,,,,,,2200; 
87146,King Fahd University of Petroleum and Minerals Research Institute Annual Catalysts in Petroleum Refining and Petrochemicals Symposium Papers,,,,"2015, 2007-2013, 2004-2005, 1999-2002",,0.101,0.000,,0.101,0.000,,,,2102; 2103; 1600; 1503; 
74582,Kyushu Tokai Daigaku Nogakubu Kiyo/Proceedings of School of Agriculture Kyushu Tokai University,02868180,,,"2005-2006, 2001-2002",,,,,,,,,,1101; 
21100229106,"Lecture Notes in Informatics (LNI), Proceedings - Series of the Gesellschaft fur Informatik (GI)",16175468,,,2004-2019,0.5,0.144,0.253,0.7,0.137,0.264,0.7,0.187,0.400,1706; 
21100421887,Lecture Notes in Information Systems and Organisation,21954968,21954976,,2013-2020,0.8,0.117,0.310,0.9,0.110,0.186,1.0,0.125,0.158,1405; 1802; 1706; 1710; 1404; 
21100244929,"Leibniz International Proceedings in Informatics, LIPIcs",18688969,,,2008-2020,1.2,0.363,0.825,1.4,0.512,0.886,1.5,0.537,0.800,1712; 
15535,LEOS Summer Topical Meeting,10994742,,,"1994-2009, 1991-1992",,,,,,,,,,2208; 3107; 
50015,"Light Metals: Proceedings of Sessions, AIME Annual Meeting (Warrendale, Pennsylvania)",,,,"1993-2002, 1989, 1982-1987, 1978-1980",,,,,,,,,,2506; 
21100316064,MATEC Web of Conferences,,2261236X,Discontinued by Scopus,2012-2018,0.3,0.151,0.390,,0.169,0.556,0.8,0.166,0.714,2200; 2500; 1600; 
28698,Materials Research Society Symposium - Proceedings,02729172,,,"1993-2016, 1980-1987",0.6,0.139,0.145,,0.141,0.132,,0.114,0.121,2210; 2211; 3104; 2500; 
21100370037,Materials Today: Proceedings,,22147853,,"2014-2020, 2005",0.7,0.314,0.806,0.9,0.299,0.727,1.3,0.304,0.576,2500; 
51415,"Mathematical Methods in Electromagnetic Theory, MMET, Conference Proceedings",,,,"2010, 2008, 2006, 2004, 2002, 1998, 1996",,,,,,,,,,2604; 3104; 2610; 2611; 
26047,Midwest Symposium on Circuits and Systems,15483746,,,"1989-2019, 1983-1985, 1976-1977",0.7,0.163,0.387,0.8,0.154,0.288,1.0,0.214,0.553,2208; 2504; 
87912,"National Radio Science Conference, NRSC, Proceedings",,,,"2011-2016, 2000-2009, 1998, 1996",1.3,0.125,0.389,,0.135,0.623,,0.158,0.561,2208; 3104; 2504; 
15446,NIST Special Publication,1048776X,,,"2004-2011, 1990-1993",,,,,,,,,,2200; 
63903,NPRA Annual Meeting Papers,,,,2000-2004,,,,,,,,,,2100; 
20747,NPRA Computer Conference Papers,,,,"2002, 1999",,,,,,,,,,1700; 
17631,NPRA Environmental Conference Papers,,,,"2008-2011, 2004-2006, 2002, 1998-1999",,,,,,,,,,2102; 2103; 1500; 
68307,NPRA International Petrochemical Conference Papers,,,,"2010, 2008, 2002-2003, 1999-2000",,,,,,,,,,2102; 2103; 1500; 
17634,NPRA National Safety Conference Papers,,,,"2009-2011, 2004, 2002, 2000",,,,,,,,,,2102; 2213; 2103; 1500; 
17635,NPRA Question and Answer Session on Refining and Petrochemical Technology,01620770,,,"2008, 2001-2002",,,,,,,,,,2102; 2103; 1500; 
13654,Oceans Conference Record (IEEE),01977385,,,"2007, 1994-2003, 1990-1991, 1980-1987, 1971-1972",,,,,0.100,,,0.100,,1910; 
64457,Offshore Europe Conference - Proceedings,,,,"2007, 2005, 2003, 1997, 1995",,,,,,,,,,2100; 2200; 
99863,"Pacific Rim Conference on Lasers and Electro-Optics, CLEO - Technical Digest",,,,"2013, 2009, 2007, 2005, 1999-2003, 1997",,,,,,,,,,2208; 3104; 3107; 2504; 
96564,"Parallel and Distributed Computing, Applications and Technologies, PDCAT Proceedings",,,,"2014-2015, 2005-2012, 2003",,0.148,0.439,,0.111,0.542,,,,1706; 1708; 2614; 1712; 
26125,"Parallel Architectures and Compilation Techniques - Conference Proceedings, PACT",1089795X,,,1996-2019,3.9,0.365,1.518,3.3,0.295,0.944,2.7,0.271,0.927,1708; 2614; 1712; 
26742,Performance Evaluation Review,01635999,,,"1996-2019, 1994, 1986-1989, 1984, 1982, 1980",2.7,0.383,0.915,2.5,0.358,0.749,1.2,0.339,0.610,1705; 1708; 1712; 
29048,PESC Record - IEEE Annual Power Electronics Specialists Conference,02759306,,,"2015, 1978-2008, 1971-1976",,0.100,0.062,,0.103,0.354,,0.125,,2208; 2102; 3104; 2611; 
29136,Physica Status Solidi C: Conferences,16101634,,,2002-2006,,,,,,,,,,3104; 
12400154705,Physics Procedia,18753884,18753892,,2008-2017,1.3,0.351,0.601,1.7,0.248,0.891,,0.318,1.395,3100; 
68514,PIRA International Conference Proceedings,,,,"2003-2004, 1999",,,,,,,,,,2200; 
61636,Portland International Conference on Management of Engineering and Technology,,,,"2015, 2005-2007, 2003",,0.111,0.168,,0.127,0.340,,,,1408; 2200; 
17700156418,Procedia - Social and Behavioral Sciences,18770428,,,2009-2012,,,,,,,,,,3200; 3300; 
19400158915,Procedia Chemistry,18766196,,,2009-2011,,,,,,,,,,1500; 1600; 
21100243809,Procedia CIRP,22128271,,,2012-2020,2.4,0.668,0.992,2.7,0.725,1.280,3.6,0.728,1.144,2209; 2207; 
19700182801,Procedia Computer Science,,18770509,,2010-2019,1.5,0.258,0.776,2.2,0.281,0.966,2.5,0.342,1.000,1700; 
19500157009,Procedia Earth and Planetary Science,18785220,,,"2011, 2009",,,,,,,,,,1900; 
18700156717,Procedia Engineering,18777058,,,2009-2018,1.1,0.282,0.793,1.8,0.277,0.808,2.7,0.316,1.333,2200; 
90911,Proceeding of the International Conference on Telecommunications,,,,2002-2003,,,,,,,,,,1705; 2214; 
19700202708,"Proceedings - 2010 International Conference on Intelligent System Design and Engineering Application, ISDEA 2010",,,,2010-2011,,,,,,,,,,1702; 1706; 2207; 
88419,Proceedings - Annual Meeting of the Decision Sciences Institute,,,,"2002-2003, 1996-1998",,,,,,,,,,1708; 1404; 
52209,Proceedings - Annual SAFE Symposium (Survival and Flight Equipment Association),,,,"2011-2018, 2000-2009, 1995-1998, 1991, 1989, 1987, 1985, 1980-1983",0.0,0.101,0.047,0.0,0.100,0.000,0.0,0.100,0.000,2202; 2213; 
90216,"Proceedings - Annual Stability Conference, Structural Stability Research Council",,,,"2004, 2002",,,,,,,,,,2200; 
110406,"Proceedings - Annual Technical Session, Structural Stability Research Council",,,,"2003, 2000-2001, 1997-1998, 1995",,,,,,,,,,2200; 
26432,Proceedings - Conference of the Australian Road Research Board,05721431,,,"2003, 2000, 1998, 1994, 1992, 1990, 1984, 1981-1982, 1978, 1976",,,,,0.101,,,0.101,,3313; 
39140,Proceedings - Electronic Components and Technology Conference,05695503,,,"1983-2019, 1980-1981, 1975-1978",2.0,0.341,0.808,2.1,0.337,0.909,2.4,0.313,0.847,2208; 2504; 
67055,Proceedings - Euromicro Conference on Real-Time Systems,10683070,,,1991-2016,8.5,0.405,5.244,,0.592,4.300,,0.702,2.331,1708; 1712; 
16719,"Proceedings - Frontiers in Education Conference, FIE",15394565,,,"2019, 2015-2017, 1991-2013, 1978-1989, 1976",0.7,0.218,0.685,1.2,0.155,0.559,0.9,0.322,0.708,1706; 3304; 1712; 
25516,Proceedings - Graphics Interface,07135424,,,"2001-2019, 1989-1998, 1983-1987",2.2,0.232,0.574,1.9,0.215,0.561,1.6,0.275,0.576,1704; 
110544,"Proceedings - ICASSP, IEEE International Conference on Acoustics, Speech and Signal Processing",07367791,,,"1981-2019, 1976-1977",3.4,0.402,0.956,3.5,0.478,1.046,4.2,0.672,1.091,2208; 1711; 1712; 
18705,Proceedings - IEEE Computer Society's International Computer Software and Applications Conference,07306512,,,1979-2019,1.2,0.177,0.697,1.4,0.192,0.655,1.7,0.246,0.643,1706; 1712; 
18204,Proceedings - IEEE INFOCOM,0743166X,,,1983-2019,6.6,0.779,1.842,6.6,0.849,1.716,7.4,1.425,1.766,2208; 1700; 
26669,Proceedings - IEEE International Conference on Computer Design: VLSI in Computers and Processors,10636404,,,"2009-2012, 1993-2005, 1988-1991",,,,,,,,,,2208; 1708; 
25456,Proceedings - IEEE International Conference on Robotics and Automation,10504729,,,"1991-2019, 1984-1985",4.7,0.911,1.412,5.5,0.911,1.605,5.8,1.412,1.799,2208; 1702; 2207; 1712; 
56190,Proceedings - IEEE International Symposium on Circuits and Systems,02714310,,,"2013-2019, 2011, 1984-2009, 1980-1981, 1976-1978",1.4,0.237,0.586,1.5,0.237,0.596,1.8,0.285,0.598,2208; 
87683,Proceedings - IEEE Military Communications Conference,,,,"2019, 1983-2017",1.5,0.222,0.581,1.9,0.192,0.721,1.0,0.337,0.775,2208; 
56164,Proceedings - International Air Transportation Conference,,,,"2000-2002, 1998, 1996",,,,,,,,,,3313; 
58745,Proceedings - International Conference on Data Engineering,,,,"2019, 2017, 1991-2015, 1986",4.6,0.578,2.280,5.3,0.383,1.910,2.6,0.626,1.707,1710; 1711; 1712; 
26104,Proceedings - International Conference on Distributed Computing Systems,10636927,,,"1986-2019, 1984, 1982",2.5,0.539,1.817,2.4,0.353,0.912,3.5,0.654,1.100,1705; 1708; 1712; 
24282,Proceedings - International Conference on Pattern Recognition,10514651,,,"2018, 2016, 2014, 2012, 2010, 2008, 2006, 2004, 2002, 2000, 1998, 1996, 1994, 1992, 1990, 1988, 1986, 1984, 1982",2.1,0.307,0.714,0.9,0.265,0.902,2.9,0.453,0.972,1707; 
19242,Proceedings - International Conference on Software Engineering,02705257,,,"2018-2019, 1997-2016, 1987-1995, 1984-1985, 1980-1982, 1978, 1976",8.5,0.377,3.252,4.2,0.436,3.403,5.1,0.518,1.727,1712; 
18707,Proceedings - International Symposium on Computers and Communications,15301346,,,"1999-2019, 1997, 1995",1.3,0.193,0.518,1.5,0.214,0.634,2.4,0.305,0.603,1705; 1706; 2600; 1711; 1712; 
130018,"Proceedings - International Symposium on Discharges and Electrical Insulation in Vacuum, ISDEIV",10932941,,,"2018, 2016, 2014, 2012, 2010, 2008, 2006, 2004",0.6,0.138,0.515,0.4,0.186,0.320,0.8,0.158,0.385,1705; 1712; 
66503,Proceedings - International Symposium on Electrets,,,,"2011, 2008, 2005, 2002, 1999, 1996, 1992",,,,,,,,,,2505; 2208; 3104; 2504; 
27918,Proceedings - Rapid Excavation and Tunneling Conference,10459065,,,"2019, 2017, 2015, 2013, 2011, 2009, 2007, 2005, 2003, 2001, 1995, 1993, 1991, 1989, 1987, 1983, 1980-1981",0.2,0.180,0.132,0.4,0.107,0.078,0.2,0.191,0.177,2210; 1909; 2205; 
85329,Proceedings - Real-Time Systems Symposium,,,,"2015-2019, 1983-2013",3.8,0.278,1.979,4.3,0.413,1.444,3.2,0.505,1.396,1705; 1708; 1712; 
61068,Proceedings - SPE Annual Technical Conference and Exhibition,,,,"1990-2019, 1976-1986",1.0,0.250,0.640,1.4,0.271,0.597,1.6,0.314,0.628,2102; 2103; 
89749,Proceedings - SPE Eastern Regional Conference and Exhibition,,,,"2002-2003, 2000, 1993-1997, 1991",,,,,,,,,,2200; 
97616,Proceedings - SPE International Symposium on Formation Damage Control,,,,"2020, 2018, 2016, 2012, 2010, 2008, 2006, 2004, 2002, 2000, 1998, 1996, 1994, 1988, 1986, 1984, 1982, 1980, 1978, 1976, 1974",0.9,0.165,0.698,1.3,0.206,0.325,2.1,0.267,0.475,1909; 2102; 
74553,Proceedings - SPE Production Operations Symposium,,,,"2003, 2001, 1997, 1995",,,,,,,,,,1909; 
94730,Proceedings - SPE Symposium on Improved Oil Recovery,,,,"2018, 2016, 2014, 2012, 2010, 2008, 2006, 2004, 2002, 1998, 1996, 1994, 1972, 1969",2.9,0.295,0.961,2.7,0.491,1.342,4.3,0.447,1.160,1909; 2102; 
74910,Proceedings - Symposium on Computer Arithmetic,,,,"2018-2019, 2015, 2013, 2011, 2009, 2007, 2005, 2003, 2001, 1999, 1997, 1995, 1993, 1991, 1989, 1987, 1985, 1983, 1972",,0.255,2.106,1.9,0.176,0.863,0.4,0.230,0.829,1708; 2614; 1712; 
79631,Proceedings - Symposium on Fusion Engineering,,,,"2016, 2011, 2009, 2005-2007, 2002-2003, 1998-1999, 1995, 1993, 1991, 1989",0.3,0.140,0.168,,0.157,0.166,,0.115,0.068,2104; 3106; 
25562,Proceedings - Symposium on Logic in Computer Science,10436871,,,"2015-2019, 2013, 1990-2011, 1986-1987",2.2,0.645,2.266,3.0,0.802,1.650,3.5,1.128,1.772,2600; 1712; 
26019,Proceedings - Virtual Reality Annual International Symposium,,,,1995-2004,,,,,,,,,,1712; 
145228,Proceedings - Winter Simulation Conference,08917736,,,"2015-2019, 2004-2013, 1992-1993, 1976-1980, 1973-1974, 1971",1.1,0.369,0.564,1.4,0.357,0.330,1.5,0.410,0.822,1706; 2611; 1712; 
30306,Proceedings ACM SIGUCCS User Services Conference,,,,"2013-2015, 2010-2011, 2004-2008, 2000-2002, 1997-1998, 1989",,0.112,0.173,,0.101,0.086,,,,1706; 3304; 1710; 1712; 
62221,Proceedings AESF/EPA Conference for Environmental Excellence,,,,"2002, 2000",,,,,,,,,,2200; 
120123,Proceedings of ACM Symposium on Access Control Models and Technologies (SACMAT 2002),,,,2002-2004,,,,,,,,,,1700; 
84734,"Proceedings of Computer Graphics International Conference, CGI",15301052,,,"2009, 2003-2005, 2000-2001, 1996-1997",,,,,,,,,,1704; 1712; 
74882,Proceedings of IEEE Sensors,,,,"2018-2019, 2016, 2014, 2002-2012",,0.166,0.466,0.0,,0.679,0.3,0.160,0.232,2208; 
21100215110,Proceedings of Meetings on Acoustics,1939800X,,,2008-2018,0.5,0.180,0.282,0.6,0.213,0.254,1.0,0.188,0.409,3102; 
21100253049,Proceedings of Science,,18248039,,1998-2019,0.2,0.115,0.042,0.1,0.106,0.023,0.1,0.107,0.015,1000; 
40067,Proceedings of SPIE - The International Society for Optical Engineering,0277786X,1996756X,,1963-2020,1.0,0.234,0.373,1.0,0.238,0.411,1.0,0.215,0.320,2208; 2604; 1706; 3104; 2504; 
22598,Proceedings of Stapp Car Crash Conference,0585086X,,,"1999, 1994-1997, 1980-1982, 1975",,,,,,,,,,2203; 
74295,Proceedings of the 2002 International Conference on Dependable Systems and Networks,,,,"2002, 2000",,,,,,,,,,2200; 
110362,Proceedings of the ACM Conference on Computer and Communications Security,,,,"1996-2019, 1994",6.4,0.880,3.013,7.3,1.026,3.776,9.1,1.829,3.569,1705; 1712; 
30160,Proceedings of the ACM Conference on Computer Supported Cooperative Work,,,,"2002, 2000, 1998, 1996, 1992",,,,,,,,,,1708; 
144857,"Proceedings of the ACM Conference on Computer Supported Cooperative Work, CSCW",,,,"2010-2016, 2008, 2006, 2004",6.2,0.222,1.685,,0.314,1.549,,0.527,1.824,1705; 1709; 1712; 
92503,Proceedings of the ACM Conference on Electronic Commerce,,,,"2008-2013, 2003-2006, 2001",,,,,,,,,,1705; 1706; 1712; 
89451,Proceedings of the ACM Conference on Hypertext,,,,"1996-2004, 1993",,,,,,,,,,1708; 1712; 
1100147106,"Proceedings of the ACM Great Lakes Symposium on VLSI, GLSVLSI",,,,2005-2016,2.9,0.278,1.187,,0.277,1.206,,0.229,1.032,2200; 
62702,Proceedings of the ACM International Conference on Digital Libraries,,,,"2010, 2007-2008, 2004, 1996-2002",,,,,,,,,,3309; 1706; 1710; 1712; 
34334,Proceedings of the ACM International Multimedia Conference and Exhibition,,,,"2006-2007, 1999-2003, 1995-1997",,,,,,,,,,1700; 
81474,Proceedings of the ACM SIGACT-SIGMOD-SIGART Symposium on Principles of Database Systems,,,,"1998-2019, 1990-1995, 1984, 1982",5.0,1.056,1.896,4.7,0.957,2.193,4.3,1.082,1.875,1708; 1710; 1712; 
110364,Proceedings of the ACM SIGCPR Conference,,,,"1993-2002, 1991, 1988, 1985",,,,,,,,,,1712; 
72267,Proceedings of the ACM SIGGRAPH Conference on Computer Graphics,,,,"2007, 2000-2002, 1995-1998",,,,,,,,,,1700; 
101510,Proceedings of the ACM SIGKDD International Conference on Knowledge Discovery and Data Mining,,,,"2005-2015, 2002-2003",,1.005,5.460,,1.004,5.952,,,,1710; 1712; 
58145,Proceedings of the ACM SIGMIS CPR Conference,,,,2003-2004,,,,,,,,,,3308; 1400; 1700; 
30611,Proceedings of the ACM SIGMOD International Conference on Management of Data,,,,"2010-2019, 2001-2008, 1994, 1991-1992, 1988-1989, 1986, 1974-1984, 1970-1972",7.5,1.231,2.830,7.7,1.110,2.952,7.2,1.926,2.322,1710; 1712; 
95610,"Proceedings of the ACM SIGPLAN Conference on Languages, Compilers, and Tools for Embedded Systems (LCTES)",,,,2003-2016,2.4,0.156,1.025,,0.151,0.662,,0.154,0.978,1712; 
90600,Proceedings of the ACM SIGPLAN Conference on Programming Language Design and Implementation (PLDI),,,,"1994-2019, 1990-1991, 1988",8.1,0.593,1.969,6.3,0.571,2.288,6.1,1.048,2.924,1712; 
72247,"Proceedings of the ACM SIGPLAN International Conference on Functional Programming, ICFP",,,,1996-2015,,0.475,2.375,,0.585,2.731,,,,1712; 
55056,Proceedings of the ACM SIGPLAN Symposium on Partial Evaluation and Semantics-Based Program Manipulation,,,,"2010, 2006-2008, 2002-2004, 2000, 1997, 1993",,,,,,,,,,1712; 
57354,"Proceedings of the ACM SIGPLAN Symposium on Principles and Practice of Parallel Programming, PPOPP",,,,"2005-2016, 2003, 2001, 1999, 1997, 1995",5.6,0.272,1.669,,0.387,2.664,,0.424,2.576,1712; 
85109,Proceedings of the ACM SIGSOFT Symposium on the Foundations of Software Engineering,,,,"2010, 2008, 2006, 2000-2004, 1998, 1995-1996",,,,,,,,,,1712; 
89358,Proceedings of the ACM Symposium on Applied Computing,,,,"2002-2016, 1999-2000, 1997, 1995",2.0,0.204,0.751,,0.211,0.844,,0.221,0.700,1712; 
98571,Proceedings of the ACM Workshop on Advances in Geographic Information Systems,,,,"2000-2002, 1996-1997",,,,,,,,,,1700; 
18692,Proceedings of the American Control Conference,07431619,,,"2011-2019, 1997-2009, 1990-1995, 1982-1988",2.1,0.500,0.698,2.1,0.452,0.646,2.2,0.493,0.581,2208; 
30389,"Proceedings of the American Gas Association, Operating Section",00997250,,,"2006-2017, 2002, 1995, 1991, 1981-1982, 1973-1978, 1970",0.0,0.100,0.059,0.0,0.100,0.000,,0.100,0.000,2102; 
13168,Proceedings of the American Philosophical Society,0003049X,,,"1967-2016, 1945-1949",,0.109,0.096,,0.102,0.184,,0.112,0.009,1200; 3312; 3316; 
94067,Proceedings of the Annual ACM Symposium on Principles of Distributed Computing,,,,"1985-2019, 1982",3.7,0.554,1.553,2.7,0.782,1.807,2.3,0.802,1.501,1705; 1708; 1712; 
2300147402,Proceedings of the Annual ACM Symposium on Theory of Computing,07378017,,,"2005-2019, 2000, 1996, 1991-1994, 1988, 1984, 1969-1982",8.4,1.405,3.326,7.9,2.322,3.454,7.4,2.562,2.845,1712; 
110527,Proceedings of the Annual ACM-SIAM Symposium on Discrete Algorithms,,,,"2018-2019, 1994-2016, 1990-1992",7.3,0.852,3.137,5.8,1.334,3.769,5.1,1.543,3.411,2600; 1712; 
120081,Proceedings of the Annual Conference on Explosives and Blasting Technique,0732619X,,,"2001-2003, 1996, 1990-1991, 1979-1986",,,,,,,,,,1909; 2215; 
23136,Proceedings of the Annual IEEE Conference on Computational Complexity,10930159,,,1996-2014,,0.864,2.360,,,,,,,2605; 2614; 1712; 
91532,"Proceedings of the Annual International Conference on Computational Molecular Biology, RECOMB",,,,1998-2004,,,,,,,,,,1300; 1700; 
70461,"Proceedings of the Annual International Conference on Mobile Computing and Networking, MOBICOM",,,,"2000-2015, 1995-1997",,0.888,5.216,,1.098,5.144,,,,1705; 1708; 1712; 
145699,Proceedings of the Annual ISA Analysis Division Symposium,10506527,,,"2018-2019, 2012-2016, 2002-2010, 1996-2000",0.2,0.102,0.002,,0.100,0.000,0.0,0.100,0.000,3105; 
56833,Proceedings of the Annual Meeting - Institute of Navigation,,,,"2007, 2004-2005, 1995-1997, 1993, 1991, 1982-1984",,,,,,,,,,2202; 3313; 
110624,Proceedings of the Annual Offshore Technology Conference,01603663,,,"2007-2019, 1969-2005",0.6,0.270,0.569,0.6,0.216,0.547,0.5,0.202,0.526,2210; 2102; 2212; 2213; 
83331,Proceedings of the Annual Southeastern Symposium on System Theory,,,,"2001-2013, 1996-1997, 1994, 1987-1990, 1983-1985, 1980",,,,,0.124,,,0.125,,2600; 2207; 
92003,Proceedings of the Annual Southwestern Petroleum Short Course,03615987,,,"2005, 2003, 2001, 1998-1999, 1991-1993, 1980-1984",,,,,0.124,,,0.125,,1907; 1909; 
91064,Proceedings of the Annual Symposium on Computational Geometry,,,,"1994-2014, 1991, 1989",,0.581,1.459,,,,,,,2605; 2608; 2614; 
40832,Proceedings of the Annual Symposium on Instrumentation for the Process Industries,00967963,,,"2011, 2002-2009, 1992, 1990, 1980-1985, 1978",,,,,0.124,,,0.125,,2209; 3105; 2207; 
77904,"Proceedings of the Asia and South Pacific Design Automation Conference, ASP-DAC",,,,"2003-2014, 2000-2001, 1997-1998, 1995",,0.259,1.134,,,,,,,2208; 1704; 1706; 
14494,Proceedings of the Asian Test Symposium,10817735,,,"2018-2019, 1993-2016",1.6,0.181,0.800,1.0,0.191,0.847,1.0,0.172,0.444,2208; 
91976,Proceedings of the ASME Design Engineering Technical Conference,,,,"2008-2015, 2006, 2001-2004",,0.145,0.310,,0.146,0.286,,,,1704; 1706; 2210; 2611; 
68895,Proceedings of the ASME Summer Heat Transfer Conference,,,,"2005, 2003",,,,,,,,,,2200; 
100147003,Proceedings of the ASME Turbo Expo,,,,"2005-2015, 1993-2001, 1991, 1980-1989, 1956-1978",,0.209,0.641,,0.206,0.583,,,,2200; 
62157,Proceedings of the Australian Asian Pacific Conference on Aluminium Cast House Technology,,,,"2003, 2001",,,,,,,,,,2200; 
97668,"Proceedings of the Australian Software Engineering Conference, ASWEC",,,,"2013-2014, 2004-2010, 2000-2001",,0.177,0.612,,,,,,,1712; 
58932,"Proceedings of the Conference on Object-Oriented Programming Systems, Languages, and Applications, OOPSLA",,,,"1999-2015, 1997, 1995, 1991",,0.382,2.506,,0.378,2.355,,,,1712; 
90641,"Proceedings of the Conference on Traffic and Transportation Studies, ICTTS",,,,"2010, 2008, 2006, 2004, 2002, 2000, 1998",,,,,,,,,,2210; 
13875,Proceedings of the Corporate Aviation Safety Seminar,07364709,,,"2008-2012, 2004-2006, 2001-2002, 1999, 1984",,,,,,,,,,2213; 2202; 
83444,Proceedings of the Custom Integrated Circuits Conference,08865930,,,"2019, 2017, 2015, 1985-2013, 1982-1983",1.2,0.469,0.973,2.5,0.542,0.993,1.6,0.880,1.349,2208; 
13706,Proceedings of the Data Compression Conference,10680314,,,1991-2019,1.6,0.348,0.800,2.0,0.311,0.946,2.1,0.370,0.808,1705; 
85865,Proceedings of the Drilling Conference,,,,"2001-2004, 1996-1997",,,,,,,,,,2200; 
42091,Proceedings of the Eigtht IASTED International Conference on Software Engineering and Applications,,,,2003-2004,,,,,,,,,,2200; 
18657,"Proceedings of the Euromicro Conference on Software Maintenance and Reengineering, CSMR",15345351,,,"1999-2013, 1997",,,,,,,,,,1712; 
87237,"Proceedings of the European Conference on Radiation and its Effects on Components and Systems, RADECS",,,,"2015, 2013, 2011, 2007-2009, 2005, 2002, 1998, 1995",,0.131,0.352,,0.133,0.560,,,,2208; 3108; 
21100814501,"Proceedings of the European Conference on Synthetic Aperture Radar, EUSAR",21974403,,,"2018, 2016, 2014, 2012, 2010",1.4,0.232,0.644,0.9,0.322,0.605,1.3,0.221,0.493,3105; 1711; 
89254,Proceedings of the European Petroleum Conference,,,,"2002, 2000, 1998, 1996, 1992",,,,,,,,,,1907; 1909; 
12267,Proceedings of the Hawaii International Conference on System Science,00731129,,,"2014, 2004-2005, 1997-2002, 1994-1995, 1992, 1977-1990",,0.123,0.000,,,,,,,1700; 
29757,Proceedings of the Human Factors and Ergonomics Society,10711813,,,"2005-2019, 2001, 1993-1998, 1981-1983, 1979",0.7,0.272,0.425,0.8,0.168,0.414,0.9,0.191,0.317,3307; 
32432,Proceedings of the IADC/SPE Asia Pacific Drilling Technology Conference and Exhibition,,,,"2004, 2002, 1996-2000",,,,,,,,,,2200; 
52471,Proceedings of the IASTED International Conference on Biomedical Engineering,,,,2003-2004,,,,,,,,,,2200; 
68453,"Proceedings of the IASTED International Conference on Circuits, Signals, and Systems",,,,2003-2004,,,,,,,,,,2200; 
50103,Proceedings of the IASTED International Conference on Intelligent Systems and Control,10258973,,,"2011, 2008-2009, 2006, 2003-2004",,,,,,,,,,1702; 2611; 2614; 2207; 1712; 
110508,Proceedings of the IASTED International Conference on Internet and Multimedia Systems and Applications,,,,"2006, 2003",,,,,,,,,,2200; 
32216,Proceedings of the IASTED International Conference on Modelling and Simulation,10218181,,,2003-2013,,,,,,,,,,1706; 2611; 1712; 
200147116,"Proceedings of the IASTED International Conference on Modelling, Identification, and Control, MIC",10258973,,,"2013-2017, 2004-2011, 2000",0.7,0.132,0.246,0.6,0.113,0.273,,0.118,0.288,1706; 2611; 1712; 
61360,Proceedings of the IASTED International Conference on Neural Networks and Computational Intelligence,,,,2003-2004,,,,,,,,,,2200; 
93102,Proceedings of the IASTED International Conference on Parallel and Distributed Computing and Systems,10272658,,,"2006-2012, 2003-2004",,,,,,,,,,1705; 1708; 1712; 
69391,Proceedings of the IASTED International Conference on Robotics and Applications,1027264X,,,"2009-2010, 2006, 2003-2004",,,,,,,,,,1706; 2210; 1712; 
33217,Proceedings of the IEEE Annual Simulation Symposium,02724715,,,"2004, 1994-2001, 1986-1990, 1983-1984",,,,,0.101,,,0.101,,2611; 1712; 
54664,Proceedings of the IEEE Bipolar/BiCMOS Circuits and Technology Meeting,,,,"2001-2017, 1994-1999, 1992",2.0,0.310,0.702,2.7,0.310,0.760,,0.321,0.546,2208; 
24212,Proceedings of the IEEE Computer Society Conference on Computer Vision and Pattern Recognition,10636919,,,"2010-2019, 2006-2007, 2003-2004, 1996-2001, 1994, 1992",31.3,2.616,9.609,36.7,8.073,23.685,36.3,13.396,22.378,1707; 1712; 
89597,Proceedings of the IEEE Computer Society Symposium on Research in Security and Privacy,10637109,,,"1986-2003, 1982-1984",,,,,,,,,,1712; 
25434,Proceedings of the IEEE Conference on Control Applications,10851992,,,1993-2003,,,,,,,,,,2207; 
87424,Proceedings of the IEEE Conference on Decision and Control,01912216,,,"2018-2019, 2006-2016, 1975-2004, 1971-1972",2.7,0.591,0.938,3.2,0.585,0.862,0.3,0.328,1.465,2606; 2611; 2207; 
26647,Proceedings of the IEEE Great Lakes Symposium on VLSI,10661395,,,"2003, 1994-2001",,,,,,,,,,2208; 
110561,Proceedings of the IEEE International Conference on Computer Vision,,,,"2019, 2015-2017, 2013, 2011, 2009, 2007, 2005, 2003, 2001, 1998-1999, 1995",9.7,1.775,5.777,26.6,4.810,10.020,15.4,13.637,15.109,1707; 1712; 
53557,"Proceedings of the IEEE International Conference on Engineering of Complex Computer Systems, ICECCS",,,,"2016, 2013-2014, 2004-2010, 1999-2002, 1995-1996",2.1,0.170,0.800,,0.205,2.071,,0.211,0.862,1705; 1708; 
84128,Proceedings of the IEEE International Conference on Industrial Technology,,,,"2013-2019, 2008-2011, 2002-2006, 2000, 1996",1.4,0.198,0.408,2.0,0.214,0.495,1.9,0.220,0.450,2208; 1706; 
17989,Proceedings of the IEEE International Conference on Micro Electro Mechanical Systems (MEMS),10846999,,,2004-2019,1.9,0.281,0.447,1.9,0.315,0.519,1.9,0.312,0.464,2208; 2210; 3104; 2504; 
90640,Proceedings of the IEEE International Conference on Properties and Applications of Dielectric Materials,,,,"2018, 2015, 2012, 2009, 2006-2007, 2003, 2000, 1997, 1994",1.0,0.166,0.342,0.9,0.232,0.631,0.5,0.175,0.264,2505; 3104; 2504; 
51375,"Proceedings of the IEEE International Conference on Systems, Man and Cybernetics",08843627,,,"1993-2003, 1989-1991",,,,,,,,,,1708; 2207; 
74803,"Proceedings of the IEEE International Conference on Transmission and Distribution Construction and Live Line Maintenance, ESMO",,,,"2011, 2006, 2003, 2000, 1998, 1995",,,,,,,,,,2208; 
14953,Proceedings of the IEEE International Conference on VLSI Design,10639667,,,"2018, 2010-2016, 2003-2007, 1994-2001, 1991-1992",2.0,0.169,0.693,1.7,0.195,0.813,2.2,0.176,0.730,2208; 1708; 
110563,"Proceedings of the IEEE International Symposium on Consumer Electronics, ISCE",,,,"2003, 1997",,,,,,,,,,2200; 
15659,Proceedings of the IEEE International Workshop on Research Issues in Data Engineering,,,,"2002-2005, 1999-2000, 1996-1997, 1994",,,,,,,,,,1708; 2201; 1712; 
31531,Proceedings of the IEEE Micro Electro Mechanical Systems (MEMS),,,,"1993-2003, 1991",,,,,,,,,,2208; 2210; 2207; 
83299,Proceedings of the IEEE Particle Accelerator Conference,,,,"2007, 2005, 2003, 2001, 1998-1999, 1995, 1993",,,,,,,,,,2200; 
87075,Proceedings of the IEEE Power Engineering Society Transmission and Distribution Conference,,,,"2018, 2016, 2014, 2012, 2005-2006, 1999-2003, 1996, 1994",1.4,0.181,0.356,1.0,0.326,0.518,1.9,0.291,0.410,2208; 
94159,Proceedings of the IEEE Southwest Symposium on Image Analysis and Interpretation,,,,"2016, 2014, 2012, 2010, 2008, 2006, 2004, 2002, 2000, 1998, 1996",1.5,0.171,0.668,,0.221,0.915,,0.155,0.501,1706; 1707; 1712; 
23681,Proceedings of the IEEE Symposium on Computer-Based Medical Systems,10637125,,,1992-2019,1.0,0.183,0.496,1.2,0.225,0.494,1.4,0.275,0.538,1706; 2741; 
12906,Proceedings of the IEEE Symposium on Reliable Distributed Systems,10609857,,,"2019, 1994-2017, 1992",1.3,0.202,0.625,2.0,0.209,0.830,3.0,0.334,1.132,1705; 1708; 2614; 1712; 
101599,Proceedings of the IEEE Ultrasonics Symposium,10510117,,,"1991-2010, 1984, 1970",,,,,,,,,,3102; 
56554,Proceedings of the IEEE Visualization Conference,,,,"2005, 1995-2003",,,,,,,,,,1704; 2200; 1700; 1712; 
14939,Proceedings of the IEEE VLSI Test Symposium,,,,"1994-2019, 1991-1992",1.9,0.266,0.684,1.7,0.207,0.685,1.7,0.305,1.034,2208; 1706; 
100345,Proceedings of the IEEE Working Conference on Current Measurement,,,,"2003, 1999, 1995",,,,,,,,,,3105; 
76464,Proceedings of the IEEE/ASME Joint Railroad Conference,,,,1994-2003,,,,,,,,,,2208; 2210; 2212; 
25994,Proceedings of the IEEE/CPMT International Electronics Manufacturing Technology (IEMT) Symposium,10898190,,,"2015-2016, 2012, 2010, 2006-2008, 2002-2004, 1994-2000",0.2,0.100,0.100,,0.102,0.040,,0.105,0.361,2208; 2209; 
25533,Proceedings of the Information Visualization Conference,10939547,,,"2019, 2001-2016, 1999, 1995-1997",1.3,0.158,0.580,,0.136,0.618,1.2,0.149,0.648,1707; 1711; 1712; 
21100861094,Proceedings of the International Association of Hydrological Sciences,21998981,2199899X,,2015-2019,,,0.416,,,0.632,1.0,0.301,0.340,1900; 
21100255701,"Proceedings of the International Astronautical Congress, IAC",00741795,,,2012-2019,0.2,0.116,0.304,0.3,0.115,0.337,0.3,0.190,0.298,1912; 3103; 2202; 
57584,Proceedings of the International Conference on Applications of Advanced Technologies in Transportation Engineering,,,,"2004, 2002, 1998, 1996",,,,,,,,,,2200; 
110748,"Proceedings of the International Conference on Artificial Intelligence, IC-AI'04",,,,2004-2005,,,,,,,,,,1702; 
68258,Proceedings of the International Conference on Dependable Systems and Networks,,,,"2003-2015, 2001",,0.390,2.358,,0.484,3.810,,,,1705; 1708; 1712; 
32213,"Proceedings of the International Conference on Embedded Systems and Applications ESA'04 - Proceedings of the International Conference on VLSI, VLSI'04",,,,2003-2004,,,,,,,,,,2200; 
83573,Proceedings of the International Conference on Estuarine and Coastal Modeling,,,,"2012, 2010, 2008, 2006, 2004, 2002, 2000, 1996-1997",,,,,,,,,,1909; 2611; 2205; 
81992,"Proceedings of the International Conference on Imaging Science, Systems and Technology, CISST'04",,,,2003-2004,,,,,,,,,,2200; 
96864,"Proceedings of the International Conference on Information and Knowledge Engineering , IKE'04",,,,2003-2004,,,,,,,,,,2200; 
92187,Proceedings of the International Conference on Mathematics and Engineering Techniques in Medicine and Biological Sciences,,,,2003-2004,,,,,,,,,,2200; 
89093,Proceedings of the International Conference on Microelectronics,,,,"2004, 1999, 1997, 1995",,,,,,,,,,2200; 
144854,"Proceedings of the International Conference on Microelectronics, ICM",,,,"2016, 2014, 1999-2012",1.2,0.130,0.346,,0.123,0.380,,0.111,0.104,2208; 
91440,Proceedings of the International Conference on Offshore Mechanics and Arctic Engineering - OMAE,,,,"2001-2019, 1993-1998",1.0,0.356,0.598,0.9,0.290,0.483,0.8,0.282,0.486,2210; 2102; 2212; 
32214,Proceedings of the International Conference on Parallel and Distributed Processing Techniques and Applications,,,,2003-2004,,,,,,,,,,2200; 
69957,Proceedings of the International Conference on Parallel and Distributed Systems - ICPADS,,,,"2004-2019, 2001-2002, 1996-1998",1.1,0.172,0.453,1.4,0.204,0.690,1.5,0.269,0.649,1708; 
93698,"Proceedings of the International Conference on Radioactive Waste Management and Environmental Remediation, ICEM",,,,"2013, 2009-2011, 2001-2003, 1995",,,,,,,,,,2311; 2102; 2213; 
84930,Proceedings of the International Conference on Security and Management,,,,2003-2004,,,,,,,,,,2200; 
87166,"Proceedings of the International Conference on Software Engineering Research and Practice, SERP'04",,,,2003-2004,,,,,,,,,,2200; 
56825,Proceedings of the International Conference on Supercomputing,,,,1995-2016,4.1,0.288,1.486,,0.387,2.456,,0.327,2.141,1700; 
70612,Proceedings of the International Conference on Tools with Artificial Intelligence,10636730,,,"2001-2003, 1993-1999",,,,,,,,,,1712; 
65797,Proceedings of the International Conference on Wireless Networks,,,,2003-2004,,,,,,,,,,2200; 
12323,"Proceedings of the International Database Engineering and Applications Symposium, IDEAS",10988068,,,"1999-2007, 1997",,,,,,,,,,2200; 1700; 
110665,Proceedings of the International Instrumentation Symposium,02777576,,,"2016, 2001-2014, 1992",0.1,0.100,0.000,,0.101,0.000,,0.132,0.580,2200; 3105; 
96537,Proceedings of the International Joint Conference on Neural Networks,,,,"2008-2019, 2005, 1999-2003, 1993",1.7,0.257,0.557,1.6,0.286,0.718,1.6,0.366,0.743,1702; 1712; 
77392,Proceedings of the International Offshore and Polar Engineering Conference,,,,"1994-2019, 1990",0.6,0.265,0.434,0.6,0.261,0.396,0.6,0.211,0.347,2210; 2212; 2102; 
93998,"Proceedings of the International Pipeline Conference, IPC",,,,"2002, 1998, 1996",,,,,,,,,,2200; 
100824,"Proceedings of the International Semiconductor Conference, CAS",,,,"2007-2015, 1995-2005",,0.133,0.319,,0.118,0.298,,,,2208; 3104; 2504; 
87244,"Proceedings of the International Symposium and Exhibition on Advanced Packaging Materials Processes, Properties and Interfaces",,,,"2004-2008, 2000-2001, 1997-1998",,,,,,,,,,2200; 2500; 
86371,Proceedings of the International Symposium on Corrosion in the Pulp and Paper Industry,,,,"2004, 1998",,,,,,,,,,2200; 
89124,Proceedings of the International Symposium on Mobile Ad Hoc Networking and Computing (MobiHoc),,,,2002-2016,5.4,0.496,1.951,,0.660,1.940,,0.862,1.601,1705; 1708; 1712; 
26694,Proceedings of The International Symposium on Multiple-Valued Logic,0195623X,,,"2012-2019, 1986-2010, 1983, 1979-1981, 1976",1.1,0.265,0.816,1.0,0.253,0.893,1.3,0.321,0.784,2600; 1700; 
12368,"Proceedings of the International Symposium on Parallel Architectures, Algorithms and Networks, I-SPAN",10874089,,,"2008, 2004-2005, 2002, 1999, 1996, 1994",,,,,,,,,,1700; 
72917,Proceedings of the International Symposium on Physical Design,,,,1997-2016,5.6,0.359,1.546,,0.402,2.424,,0.377,3.216,2208; 
69486,"Proceedings of the International Symposium on Symbolic and Algebraic Computation, ISSAC",,,,1996-2015,,0.603,2.470,,0.461,0.998,,,,2600; 
92345,Proceedings of the International Symposium on Test and Measurement,,,,"2009, 2003, 2001, 1999, 1997",,,,,,,,,,2200; 
60332,Proceedings of the International Thermal Spray Conference,,,,"2015-2016, 2012-2013, 2009, 2006-2007, 2004, 2000-2001, 1998",0.2,0.120,0.122,,0.108,0.127,,0.109,0.092,2505; 2508; 3110; 
89883,"Proceedings of the International Workshop on High-Level Programming Models and Supportive Environments, HIPS",,,,"2003-2004, 1997",,,,,,,,,,1700; 
59790,Proceedings of the International Workshop on Network and Operating System Support for Digital Audio and Video,,,,"2012-2013, 2008-2010, 2001-2006, 1997",,,,,,,,,,1705; 2214; 1712; 
19290,Proceedings of the International Workshop on Rapid System Prototyping,10746005,,,"2019, 2009-2011, 1995-2007, 1991-1993",,,,,,,0.0,,,1700; 
99519,Proceedings of the International Workshop on Temporal Representation and Reasoning,,,,"2013-2014, 2011, 2000-2008, 1997",,0.307,2.378,,,,,,,2600; 
88333,Proceedings of the ISOPE Ocean Mining Symposium,,,,"2015, 2013, 2011, 2009, 2007, 2005, 2001-2003, 1999, 1995",,,,,,,,,,2212; 1909; 
85783,Proceedings of the Joint Conference on Information Sciences,,,,"2002, 2000, 1998, 1994",,,,,,,,,,1700; 
57064,Proceedings of the Mediterranean Electrotechnical Conference - MELECON,,,,"2014, 2012, 2010, 2008, 2006, 2004, 2002, 2000, 1998, 1996, 1994",,0.141,0.731,,,,,,,2208; 
63881,Proceedings of the Middle East Oil Show,,,,"2003, 2001, 1999, 1997, 1995, 1993, 1991",,,,,,,,,,1907; 1909; 
78337,Proceedings of the National Conference on Artificial Intelligence,,,,"2014-2015, 2010-2012, 2004-2008, 2002, 1996-1999, 1993-1994",,0.545,2.131,,0.630,2.850,,,,1702; 1712; 
70913,Proceedings of the National Symposium on Civil Engineering History,,,,"2002, 1998, 1996",,,,,,,,,,2200; 
63526,"Proceedings of the National Technical Meeting, Institute of Navigation",,,,"2004, 1996-1997, 1993-1994, 1991, 1984",,,,,,,,,,2200; 
62873,Proceedings of the SICE Annual Conference,,,,"2010-2014, 2007-2008, 2003-2005, 2001, 1994-1999",,0.122,0.165,,,,,,,2208; 1706; 2207; 
76005,Proceedings of the SIGGRAPH/Eurographics Workshop on Graphics Hardware,,,,"2002-2009, 2000, 1997-1998",,,,,,,,,,1706; 1708; 
89059,Proceedings of the SPE Asia Pacific Conference on Integrated Modelling for Asset Management,,,,"2004, 2000, 1998",,,,,,,,,,1400; 
38488,Proceedings of the SPE International Petroleum Conference and Exhibition of Mexico,,,,"2002, 2000, 1998, 1996, 1994",,,,,,,,,,2200; 
71830,Proceedings of the SPE Latin American and Caribbean Petroleum Engineering Conference,,,,"2007, 2003, 1994",,,,,,,,,,1907; 
53035,Proceedings of the SPE/ICoTA Coiled Tubing Roundtable Conf,,,,"2002-2003, 1998-1999",,,,,,,,,,2200; 
88178,Proceedings of the SPE/ISRM Rock Mechanics in Petroleum Engineering Conference,,,,"2002, 1998",,,,,,,,,,1900; 2200; 
77713,Proceedings of the Symposium on Interactive 3D Graphics,,,,"2013-2014, 2011, 2005-2006, 2003, 2001, 1999, 1997, 1995",,0.239,1.652,,,,,,,1704; 1709; 1712; 
56132,Proceedings of the Symposium on Solid Modeling and Applications,,,,"2001-2003, 1999, 1997",,,,,,,,,,2200; 
100718,"Proceedings of the Technical Association of the Graphic Arts, TAGA",,,,"2001-2014, 1998",,0.101,0.000,,,,,,,1213; 2214; 
82952,Proceedings of the TMS Fall Extraction and Processing Conference,,,,"2003-2004, 1999-2000",,,,,,,,,,1506; 
84269,Proceedings of the TMS Fall Meeting,,,,"1997-2002, 1994-1995",,,,,,,,,,2200; 
21100199855,Proceedings of the VLDB Endowment,21508097,,,2008-2019,7.7,1.115,2.714,7.5,0.760,2.818,8.0,1.680,2.159,1700; 1701; 
82093,Proceedings of the Watershed Management Symposium,,,,"2015, 2004, 2000",,0.101,0.000,,0.352,0.134,,,,2312; 
29727,Proceedings of The Western Snow Conference,01610589,,,"2000-2002, 1991, 1975-1985",,,,,0.106,,,0.106,,1902; 3313; 2205; 
120165,"Proceedings of the Workshop on Enabling Technologies: Infrastructure for Collaborative Enterprises, WET ICE",15244547,,,"2012-2014, 2000-2010, 1998, 1995-1996, 1993",,0.165,0.704,,,,,,,1708; 1712; 
64027,"Proceedings of the Workshop on Parallel and Distributed Simulation, PADS",10844097,,,"2004, 1997-2001",,,,,,,,,,2200; 
55822,Proceedings of the World Congress on Intelligent Control and Automation (WCICA),,,,"2015, 2010-2012, 2008, 2006, 2004, 2002, 2000",,0.135,0.248,,0.135,0.236,,,,1706; 1712; 2207; 
31941,Proceedings of the World Petroleum Congress,00842176,,,"2006, 2002, 2000, 1984",,,,,,,,,,2200; 
16368,"Proceedings, Annual Convention - Gas Processors Association",00968870,,,"1996-2016, 1990-1991, 1976-1985",0.0,0.100,0.029,,0.101,0.019,,0.100,0.000,2102; 
13299,"Proceedings, Annual Technical Conference - Society of Vacuum Coaters",07375921,05606543,,"2005, 2003, 2001, 1992-1999, 1990, 1977-1988, 1973-1975, 1970-1971",,,,,,,,,,2508; 1507; 3110; 2210; 
28890,Proceedings. The Computer Security Foundations Workshop III,10636900,,,"2012-2015, 1995-2006, 1990-1993",,0.435,2.402,,0.501,1.902,,,,1712; 
73786,"Proceedings/STC, Society for Technical Communication Annual Conference",,,,"2001-2004, 1996-1997",,,,,,,,,,2200; 
25039,"Program Comprehension, Workshop Proceedings",10928138,,,"2004, 1996-1998, 1994",,,,,,,,,,2200; 
130022,Progress in Biomedical Optics and Imaging - Proceedings of SPIE,16057422,,,2004-2020,1.0,0.243,0.300,1.0,0.234,0.282,1.1,0.269,0.298,2741; 2502; 3107; 2504; 
13814,Progress in Water Resources,,,,"2003, 2001",,,,,,,,,,2200; 
54093,"Record - IEEE PLANS, Position Location and Navigation Symposium",,,,"2014, 2012, 2010, 2008, 2006, 2004, 2002, 2000, 1998, 1996, 1994, 1992, 1990, 1988, 1986, 1984, 1982, 1980",,0.233,1.257,,,,,,,2208; 1706; 1712; 
87615,Record of Conference Papers - Annual Petroleum and Chemical Industry Conference,00903507,,,"2016, 2010-2014, 1994-2008, 1983-1990, 1979-1981",0.6,0.134,0.393,,0.100,0.063,,0.100,0.000,2102; 2103; 
14933,"Records of the IEEE International Workshop on Memory Technology, Design and Testing",10874852,,,"1999-2007, 1995-1997",,,,,,,,,,2214; 
55893,Reverse Engineering - Working Conference Proceedings,,,,"2003, 1995-2001",,,,,,,,,,2200; 
40011,"Risk-Based Decision Making in Water Resources, Proceedings of the Conference",,,,"2002, 1996-1997, 1994",,,,,,,,,,1900; 2300; 
80685,SBMO/IEEE MTT-S International Microwave and Optoelectronics Conference Proceedings,,,,"2015, 2013, 2011, 2009, 2007, 2005, 2003, 2001, 1999, 1997, 1995",,0.139,0.340,,0.140,0.430,,,,2208; 3104; 
5100152902,SEG Technical Program Expanded Abstracts,10523812,,,"2011-2017, 2006-2009, 2000-2004",1.0,0.217,0.222,1.2,0.310,0.469,,0.360,0.354,1908; 1909; 
62431,SIAM Proceedings Series,,,,2004-2005,,,,,,,,,,2600; 
64380,SID Conference Record of the International Display Research Conference,10831312,,,"2010-2011, 2005-2008, 2000-2002, 1997",,,,,,,,,,2208; 
36260,"SIGCSE Bulletin (Association for Computing Machinery, Special Interest Group on Computer Science Education)",00978418,,,1969-2004,,,,,,,,,,1708; 1106; 1712; 
84266,"Society for Imaging Science and Technology: Image Processing, Image Quality, Image Capture, Systems Conference",,,,1998-2003,,,,,,,,,,2200; 1700; 
18620,"Software Engineering Education Conference, Proceedings",10930175,,,"2015, 2013, 2010, 1999-2008, 1996-1997",,0.104,0.907,,0.136,0.360,,,,3304; 1712; 
85346,Space Congress Proceedings,05846099,,,"1999-2003, 1997, 1993, 1991, 1988, 1981-1984, 1978-1979, 1976",,,,,0.102,,,0.102,,2202; 
33921,SPE - Asia Pacific Oil and Gas Conference,,,,"2007, 2000-2003, 1994-1998",,,,,,,,,,2102; 2103; 
79877,SPE - DOE Improved Oil Recovery Symposium Proceedings,,,,"2016, 2014, 2012, 2010, 2008, 2006, 2004, 2000",1.7,0.110,0.083,,0.110,0.077,,0.108,0.010,2102; 1500; 
36152,"SPE - European Formation Damage Control Conference, Proceedings",,,,"2013-2015, 2007, 2003, 2001, 1999, 1997",,0.123,0.000,,0.124,0.000,,,,1909; 2102; 
52957,SPE Hydrocarbon Economics and Evaluation Symposium,,,,"2016, 2014, 2012, 2010, 2007, 2005, 2003, 2001, 1999, 1997, 1995, 1993, 1989, 1981, 1979",1.2,0.185,0.506,,0.183,0.360,,0.154,0.755,1909; 2102; 
101153,SPE International Formation Damage Control Symposium Proceedings,,,,"2016, 2012, 2010, 2008, 2006, 2004, 2002, 2000",0.3,0.107,0.256,,0.146,0.429,,0.148,0.307,1909; 2102; 
120139,SPE International Oilfield Chemistry Symposium Proceedings,,,,"2019, 2017, 2015, 2013, 2011, 2009, 2007, 2005, 2003, 2001, 1999, 1997, 1995, 1975, 1973",1.9,0.216,0.776,2.4,0.236,0.623,1.2,0.292,0.746,2102; 1500; 1600; 
91802,SPE International Thermal Operations and Heavy Oil Symposium Proceedings,,,,"2004-2005, 2001-2002",,,,,,,,,,2200; 
53367,SPE Proceedings - Gas Technology Symposium,,,,"2006, 2002, 2000, 1998, 1996",,,,,,,,,,2200; 
52825,SPE Western Regional/AAPG Pacific Section Joint Meeting,,,,2002-2003,,,,,,,,,,2200; 1909; 
36693,SPE/EPA Exploration and Production Environmental Conference,,,,"2003, 1999, 1995",,,,,,,,,,1909; 2305; 
71713,SPE/IADC Drilling Conference,,,,"2003-2004, 2001",,,,,,,,,,1909; 
21100255398,Springer Proceedings in Mathematics and Statistics,21941009,21941017,,2012-2020,0.5,0.226,0.325,0.5,0.206,0.345,0.5,0.217,0.346,2600; 
73654,Steelmaking Conference Proceedings,07317735,,,"2002, 1996, 1994, 1991, 1985, 1981-1982",,,,,,,,,,2506; 
88815,STLE Annual Meeting Preprints,,,,2004-2006,,,,,,,,,,2200; 
39210,TAPPI Advanced Coating Fundamentals Symposium,,,,"2003, 2001",,,,,,,,,,2508; 
30175,Tappi Coating and Graphic Arts Conference and Trade Fair,,,,2002-2003,,,,,,,,,,2508; 
76016,TAPPI European PLACE Conference,,,,"2011-2013, 2009, 2007, 2005, 2003",,,,,,,,,,2210; 2500; 2214; 1500; 1600; 
144904,TAPPI Fall Technical Conference,,,,2003-2004,,,,,,,,,,2200; 
96649,TAPPI PLACE Conference,,,,"2004, 2002",,,,,,,,,,2200; 
36419,TAPPI Proceedings - Environmental Conference &amp; Exhibit,,,,"2003, 2000, 1998",,,,,,,,,,2200; 2500; 
26008,Technical Digest - GaAs IC Symposium (Gallium Arsenide Integrated Circuit),,,,"1992-2003, 1983-1990",,,,,,,,,,2208; 
26142,Technical Digest - International Electron Devices Meeting,01631918,,,"2015-2019, 1980-2013, 1961",3.7,0.586,1.345,5.1,0.834,1.022,3.3,0.964,1.088,2505; 2208; 3104; 2504; 
17938,Technical Paper - Society of Manufacturing Engineers. IQ,01611860,,,"2002, 1995-1999",,,,,,,,,,2200; 
95054,Technische Akademie Esslingen International Tribology Colloquium Proceedings,,,,"2008, 2006, 2004",,,,,,,,,,2505; 2508; 1500; 
14589,Theoretical and Applied Mechanics,02856042,,,"1999-2002, 1996-1997, 1990-1992, 1985-1986",,,,,,,,,,2211; 
77971,Thermomechanical Phenomena in Electronic Systems -Proceedings of the Intersociety Conference,,,,"2014, 2006, 2004, 2002, 2000, 1998, 1996",,0.199,0.597,,,,,,,2505; 2208; 3104; 2504; 
70943,TMS Annual Meeting,,,,"2000-2016, 1995-1998",0.4,0.134,0.156,,0.128,0.147,,0.111,0.101,2506; 2211; 3104; 
27261,TMS Light Metals,01470809,,,"2003-2016, 1970",0.9,0.159,0.446,,0.138,0.222,,0.147,0.553,2505; 2506; 3104; 
110646,Transactions - Geothermal Resources Council,01935933,,,"1999-2018, 1996-1997, 1988-1993, 1979-1985",0.5,0.210,0.479,0.5,0.263,0.441,0.5,0.135,0.125,1908; 2102; 2105; 
14640,Transactions of the North American Manufacturing Research Institute of SME,10473025,,,2003-2014,,0.130,0.179,,,,,,,2209; 2210; 
21100448300,Transportation Research Procedia,23521457,23521465,,2014-2019,0.9,0.301,0.714,1.6,0.601,0.847,2.5,0.476,0.945,3313; 
82223,UIST (User Interface Software and Technology): Proceedings of the ACM Symposium,,,,1995-2002,,,,,,,,,,1708; 
74046,Web3D Symposium Proceedings,,,,"2010, 2003-2006",,,,,,,,,,1704; 1705; 1712; 
64644,Winter Simulation Conference Proceedings,02750708,,,"1993-2003, 1980-1991",,,,,0.102,,,0.102,,2604; 1504; 2213; 2611; 1712; 
6000195383,WIT Transactions on Biomedicine and Health,17433525,,Discontinued by Scopus,"2013-2014, 2011, 2009, 2006-2007",,0.102,0.031,,,,,,,2739; 1706; 2204; 2611; 
6000195382,WIT Transactions on Engineering Sciences,17433533,,,"2017-2019, 2006-2014",0.2,0.106,0.095,0.3,0.135,0.244,0.4,0.136,0.289,1603; 1507; 2211; 2500; 2206; 
5700191222,WIT Transactions on Information and Communication Technologies,17433517,,Discontinued by Scopus,"2012-2014, 2006-2010",,0.101,0.035,,,,,,,1700; 1404; 
144842,WIT Transactions on Modelling and Simulation,17464064,,Discontinued by Scopus,2005-2014,,0.106,0.098,,,,,,,2605; 2611; 
5700191221,WIT Transactions on the Built Environment,17433509,,,"2017-2019, 2001-2014, 1996",0.6,0.130,0.371,0.1,0.117,0.154,0.3,0.140,0.184,1706; 3311; 1201; 2213; 3313; 2203; 2215; 2205; 2216; 
